region,population_norm,cost_of_living_all,cost_of_living_work,cost_of_living_retired,cost_of_living_child,disabled_total,disabled_60_,disabled_work,morbidity,poverty_socdem_16,poverty_socdem_retired,poverty_socdem_work,poverty_percent,welfare,per_capita,formal_wage,housing_Нет_стесненности,housing_Жилая_площадь,housing_Комнат,gross_regional_product,crim_alco_nark_tox,crim_group,retail,regional_production,child_count,retired_count,lat,lon,child_mortality_newborn,drug_alco
Алтайский край,2296353,10211,10904,8715,10349,7.287,14.185,5.706,112764.7,5.495,1.61,10.395,17.5,29.7,23864,23864,83.2,18.0,2.4,291156.9,9442,1054,153605,852443350.24,490149,758000,53.3468,83.7768,19879.0,105.5
Амурская область,781846,13530,14331,10884,14387,7.95,16.452,6.489,83412.0,5.837,0.714,8.649,15.2,21.7,35499,35499,77.3,17.3,2.3,571362.1,3233,518,245233,404576467.0,178702,231000,50.2839,127.5414,7811.0,137.7
Архангельская область,1082662,13304,14507,11042,12965,7.654,13.85,5.896,99842.1,3.506,0.886,7.909,12.3,21.4,34852,34852,83.3,16.9,2.4,514200.4,4046,1066,250033,664106996.04,226228,407000,64.5401,40.5433,8877.0,73.9
Астраханская область,997778,10793,11287,8998,11547,4.287,8.889,3.823,64679.9,6.568,0.858,8.174,15.6,31.4,25199,25199,77.5,19.2,2.3,526950.9,2606,821,174527,724597755.8,227512,263000,46.3476,48.0302,10847.0,22.4
Белгородская область,1541259,9593,10403,8024,9435,12.428,26.044,7.881,74637.4,3.226,0.929,3.046,7.2,16.1,32841,32841,86.3,17.8,2.6,646569.0,2300,675,237076,1948293818.62,290694,512000,50.5956,36.5873,12305.0,44.5
Брянская область,1182682,10950,11760,9104,10672,8.765,15.999,6.866,77439.0,6.093,0.503,7.018,13.6,23.1,28596,28596,94.7,24.1,3.2,347204.5,3115,691,225643,566924480.2,226200,416000,53.2434,34.3634,9439.0,88.3
Владимирская область,1342099,10808,11800,9106,10849,8.83,17.779,5.896,94163.6,4.35,0.6,7.55,12.5,26.0,25922,25922,81.8,16.1,2.2,410443.6,3100,658,177680,1162651995.94,251098,456000,56.129,40.4066,10059.0,74.3
Волгоградская область,2474556,9864,10604,8035,9901,6.746,13.653,5.101,64210.5,5.498,0.476,5.926,11.9,25.1,24864,24864,82.7,17.9,2.5,394256.5,6331,1646,167446,1808536910.22,476278,760000,48.7082,44.5152,19566.0,63.300000000000004
Вологодская область,1151042,11428,12438,9465,11216,7.863,16.56,5.459,91608.4,5.517,0.294,6.989,12.8,25.9,29522,29522,87.5,16.9,2.2,544379.2,3655,887,182920,1554870357.5,249606,372000,59.2205,39.8915,10639.0,56.2
Воронежская область,2305608,9053,9834,7602,8895,9.178,18.461,6.408,55009.9,2.422,0.195,5.882,8.5,21.6,32078,32078,87.0,19.9,2.6,459629.5,4186,1172,252416,1436533490.8,410064,748000,51.6615,39.2003,19091.0,95.9
Еврейская автономная область,156500,15416,16336,12433,16128,7.79,15.787,6.682,70367.2,8.213,2.549,12.838,23.6,31.2,28048,28048,82.2,13.8,2.2,400340.5,514,57,168066,55938814.6,36731,46000,48.7946,132.9218,1594.0,152.4
Забайкальский край,1053485,12999,13518,10273,13691,7.181,15.745,6.179,65922.4,6.981,1.505,12.394,20.9,26.5,27046,27046,81.9,17.1,2.4,402594.6,6407,990,164741,479071355.6,267219,283000,52.0317,113.5009,12420.0,87.3
Ивановская область,987032,10581,11535,8858,10520,7.596,15.589,5.141,88473.5,6.508,0.685,6.508,13.7,25.1,26277,26277,76.9,18.1,2.4,273821.5,2333,549,180314,439572223.2,183166,322000,57.0003,40.9714,7535.0,84.2
Иркутская область,2375021,11982,12745,9674,12455,8.573,15.246,8.513,99980.3,7.304,1.232,9.064,17.6,28.6,27571,27571,79.8,16.3,2.4,631591.9,9077,1491,164879,2435841066.0,579496,754000,52.287,104.281,26970.0,97.4
Кабардино-Балкарская Республика,869191,11311,11819,8922,11804,6.468,13.222,6.395,44792.0,8.688,1.621,13.891,24.2,34.4,21957,21957,71.0,18.9,3.3,210674.1,681,453,154476,100210460.16,206831,203000,43.4853,43.607,10547.0,61.6
Калининградская область,1018624,12084,12943,9866,11782,6.504,15.615,4.221,82758.6,3.928,0.823,8.748,13.5,12.6,29518,29518,80.7,15.6,2.3,530036.9,2035,346,183286,1303663777.26,199534,278000,54.7104,20.5109,9251.0,83.3
Калужская область,1000980,10964,11518,8882,10497,7.508,15.385,5.314,75548.6,3.017,1.785,4.889,9.7,16.9,32442,32442,79.9,15.5,2.2,558174.6,2215,1266,214672,1848178887.8,187497,317000,54.5293,36.2754,8961.0,64.1
Камчатский край,311667,21524,22535,17040,23038,4.178,7.937,3.711,77458.3,6.22,0.861,7.519,14.6,13.3,55373,55373,73.2,15.9,2.2,942802.0,1120,198,202352,357628518.3,65590,92000,53.0167,158.65,3226.0,72.3
Карачаево-Черкесская Республика,465357,10277,10926,8369,10553,11.061,17.815,12.435,63347.1,6.403,1.601,15.196,23.2,26.5,18949,18949,71.0,18.3,2.9,207471.5,743,588,83515,81138737.0,105502,125000,44.2233,42.0578,5093.0,27.1
Кемеровская область,2633446,10403,11023,8383,10844,8.012,15.171,6.767,86241.9,5.24,0.594,7.366,13.2,23.0,25433,25433,85.4,16.3,2.4,392374.9,10829,1450,153033,3031613466.8199997,575933,854000,55.3443,86.0821,22416.0,51.5
Кировская область,1250173,10710,11441,8680,11060,9.339,19.317,5.807,74475.5,5.712,0.476,7.798,14.0,27.6,24192,24192,85.7,14.9,2.2,315153.9,4682,683,163224,612241879.12,253990,436000,58.5966,49.6601,10579.0,60.5
Костромская область,628423,11010,11993,9209,10851,8.951,17.615,6.671,71386.8,4.988,0.825,6.688,12.5,22.5,25780,25780,80.7,14.5,2.2,323951.6,1908,406,179587,349143213.2,129692,210000,57.7665,40.9269,5360.0,70.0
Краснодарский край,5683947,11261,12191,9322,10755,7.446,15.998,5.588,67335.5,4.087,0.718,5.595,10.4,25.7,36838,36838,78.4,18.1,2.8,460720.2,6412,2776,261857,2174703791.66,1185680,1651000,45.0355,38.9747,59005.0,22.2
Красноярский край,2855899,13053,13839,10185,13576,6.284,12.082,5.592,78434.8,6.086,0.816,10.098,17.0,24.8,32832,32832,83.3,16.6,2.3,951613.7,8779,1804,196888,5142342706.32,633164,850000,56.0153,92.8932,28832.0,84.0
Курганская область,818570,10452,11204,8686,10777,8.623,15.406,7.296,96602.5,7.604,0.463,11.233,19.3,26.1,21860,21860,85.6,16.7,2.4,294464.0,4007,1067,147332,299284955.91999996,177931,294000,55.441,65.3411,7383.0,100.3
Курская область,1096488,9997,10748,8332,9912,10.671,16.855,10.204,54094.0,3.386,0.644,5.861,9.9,23.2,29786,29786,85.0,17.1,2.4,487030.7,2633,751,207134,757670943.0,206665,394000,51.7373,36.1874,9069.0,56.5
Ленинградская область,1892711,11289,12231,9620,10869,6.726,17.925,3.571,66653.9,1.653,1.479,5.577,8.7,16.7,33149,33149,79.8,17.0,2.1,661328.6,2924,787,255646,2594670989.6,325265,497000,59.9343,30.3351,13215.0,43.9
Липецкая область,1128192,9828,10627,8232,9887,9.895,18.925,7.35,66621.8,3.36,0.067,4.981,8.4,22.3,32226,32226,82.5,16.5,2.5,546151.3,2057,469,236552,1558564055.6,217215,386000,52.6031,39.5708,9354.0,74.3
Магаданская область,139034,20830,22027,16501,22125,3.593,5.57,3.878,67012.9,2.671,1.0,5.029,8.7,11.1,70864,70864,80.3,13.8,1.9,2035007.0,599,91,245817,535550597.53999996,29431,44000,59.5638,150.8128,1310.0,133.2
Москва,12655050,17740,20260,12550,15267,7.66,22.536,3.664,64633.3,2.304,0.792,2.91,6.0,17.5,77283,77283,75.6,13.8,2.0,1567644.8,7510,8943,408674,19562414444.0,2166455,3100000,55.7558,37.6173,123074.0,31.8
Московская область,7708499,13169,14586,9866,12867,5.245,12.987,3.397,70054.0,3.393,0.388,3.019,6.8,19.4,47046,47046,77.8,14.8,2.1,683845.1,10205,4215,347566,7046755371.52,1523795,2025000,55.7558,37.6173,78861.0,48.7
Мурманская область,732864,17723,18438,14693,17804,3.8,6.665,3.472,87319.0,4.414,0.04,5.636,10.1,22.8,46355,46355,83.6,17.7,2.2,1072337.1,1678,254,242844,2018215171.98,154266,243000,68.9585,33.0827,6456.0,54.5
Ненецкий автономный округ,44389,21757,22971,17753,22585,6.463,12.393,6.161,138231.7,4.286,0.188,4.926,9.4,14.4,84147,84147,81.0,20.9,2.7,5206287.1,212,31,226206,525911311.7,11983,14000,67.638,53.0069,590.0,184.10000000000002
Нижегородская область,3176552,10372,11228,8605,10585,8.619,18.499,5.286,91127.3,2.98,0.357,6.063,9.4,22.2,33645,33645,80.8,17.5,2.3,497418.6,7020,2450,237008,3001557919.68,606993,1044000,56.3269,44.0059,27520.0,51.4
Новгородская область,592415,11352,12346,9420,11189,9.197,18.318,6.454,88536.3,5.454,0.177,7.97,13.6,25.3,26268,26268,86.3,17.6,2.3,471333.3,1916,761,204547,464736714.4,117723,201000,58.5256,31.2742,4866.0,64.60000000000001
Новосибирская область,2785836,11845,12598,9537,12137,6.506,13.283,5.173,77378.7,4.706,0.607,8.487,13.8,25.4,31563,31563,78.6,16.3,2.3,485981.4,5293,1773,197028,1416021141.54,586552,832000,55.0084,82.9357,28701.0,54.4
Омская область,1903675,10324,10956,8324,10493,6.422,12.304,5.478,85381.7,5.277,0.694,7.643,13.6,29.0,27354,27354,84.6,16.9,2.5,398641.0,4569,899,185769,1868711299.02,417186,598000,54.9885,73.3245,17695.0,37.6
Оренбургская область,1942915,9760,10438,8073,10106,9.273,19.911,6.444,79188.8,5.992,0.462,7.546,14.0,26.6,24719,24719,80.2,19.0,2.8,538971.9,5719,2369,169416,1761524209.18,436283,617000,51.7666,55.0983,18711.0,97.3
Орловская область,724686,10378,11132,8633,10338,8.036,14.032,6.405,94883.0,5.354,1.032,6.515,12.9,25.0,26843,26843,83.4,18.8,2.7,390170.2,1183,423,194977,299904810.0,134620,268000,52.9651,36.0785,5702.0,94.7
Пензенская область,1290898,9610,10396,7953,10002,7.233,13.913,5.179,73083.1,4.251,1.664,7.085,13.0,22.4,24118,24118,82.9,16.9,2.5,379820.4,3210,653,171267,586668026.6,231817,441000,53.2007,45.0044,9620.0,136.0
Пермский край,2579261,10844,11633,8914,11124,7.468,16.119,5.376,94982.5,5.52,0.492,7.288,13.3,23.0,30215,30215,84.6,16.0,2.4,541930.2,8125,2003,214162,2999280162.76,586634,796000,58.0105,56.2502,25410.0,107.0
Приморский край,1877844,14025,14872,11287,15366,5.618,11.554,4.491,72917.4,6.448,0.546,6.006,13.0,23.5,37304,37304,79.0,15.7,2.2,582950.7,5016,843,230378,686661705.38,376589,539000,43.1198,131.8869,17965.0,99.6
Псковская область,620249,11441,12425,9438,11208,7.421,13.598,6.0,70723.5,4.795,1.507,9.882,16.2,24.7,26436,26436,79.2,15.0,2.1,325659.6,1777,985,200916,285448003.4,116492,208000,57.8136,28.3496,4975.0,90.5
Республика Адыгея,463167,9876,10520,8090,10081,6.947,14.348,5.944,66252.3,5.575,0.675,6.262,12.5,20.2,30293,30293,67.2,19.6,3.1,309184.1,625,231,231447,122026289.0,101385,127000,44.6098,40.1006,4404.0,57.6
Республика Алтай,220954,10697,11138,8680,10729,9.311,20.811,8.516,89433.5,10.591,0.69,12.519,23.8,19.8,21677,21677,86.5,14.4,2.4,283451.4,1531,134,135351,17423328.6,67460,61000,51.9581,85.9603,2933.0,80.3
Республика Башкортостан,4013786,9834,10477,8027,9781,5.976,12.801,4.579,84448.9,4.652,0.522,6.426,11.6,22.4,30249,30249,77.4,17.4,2.4,425161.0,11491,1496,226691,3088668108.22,912337,1190000,54.7388,55.9721,40942.0,62.8
Республика Бурятия,985431,12333,12803,9712,12967,7.467,15.552,7.143,61456.1,8.298,0.736,10.865,19.9,25.5,26092,26092,77.3,17.2,2.4,307558.8,5019,628,199747,352686208.04,266047,264000,51.8405,107.5414,12551.0,52.3
Республика Дагестан,3133303,10465,10775,8282,10600,9.81,12.991,13.947,80693.8,5.668,0.74,8.392,14.8,28.3,27661,27661,73.8,22.5,3.6,239640.7,774,801,188325,135184335.6,883036,677000,42.9831,47.5046,46189.0,22.7
Республика Ингушетия,515564,10353,10580,8129,10872,11.471,13.571,17.905,60547.7,11.43,3.18,15.39,30.0,32.5,16877,16877,94.4,27.8,4.9,142199.7,125,91,50713,8555010.8,158150,112000,43.1669,44.8058,8416.0,2.9000000000000004
Республика Калмыкия,269984,10443,10914,8365,10618,7.763,13.668,8.116,71872.7,7.673,0.068,14.959,22.7,24.3,19811,19811,79.3,20.2,3.1,344933.1,689,90,86002,11338618.9,65106,78000,46.3078,44.2558,2764.0,58.800000000000004
Республика Карелия,609071,14196,15438,11865,13444,9.596,17.534,6.908,112365.5,5.889,0.453,8.773,15.1,24.2,32583,32583,78.4,17.1,2.4,522245.3,2503,599,226569,490804007.26,125980,236000,61.7849,34.3469,5176.0,83.19999999999999
Республика Коми,813590,14567,15715,11884,14701,7.388,12.09,7.329,111709.0,6.135,1.01,8.155,15.3,22.7,36677,36677,80.5,15.5,2.3,749219.3,4188,670,201675,1090433269.26,184443,294000,61.6688,50.8365,7558.0,118.2
Республика Крым,1901578,11074,11846,9092,11643,6.472,11.327,6.114,52086.6,8.29,0.292,8.617,17.2,15.5,22950,22950,84.2,19.0,2.6,270363.8,2777,971,148071,342687807.96000004,384736,582000,44.9521,34.1024,18766.0,72.2
Республика Марий Эл,675332,9846,10568,8083,10098,8.878,18.492,6.586,93490.3,6.396,1.131,11.992,19.5,22.4,21264,21264,81.0,16.5,2.4,290803.3,1589,293,134692,324916954.34,148171,212000,56.6316,47.8861,6611.0,76.60000000000001
Республика Мордовия,778965,9378,10079,7693,9796,8.466,16.569,6.042,65931.9,4.717,2.13,10.771,17.6,22.5,20631,20631,86.3,20.0,2.7,342811.2,1946,669,127327,504798564.2,133432,256000,54.1838,45.1838,5541.0,66.0
Республика Саха,981971,17824,18853,14277,18652,5.343,9.054,6.218,104555.1,7.647,0.882,8.771,17.3,16.8,46338,46338,82.1,16.5,2.2,1168152.5,4120,485,250679,1874401695.76,264141,276000,62.0308,129.7326,12890.0,132.1
Республика Северная Осетия-Алания,693098,9854,10433,7963,10080,8.149,16.633,6.963,72233.0,4.837,0.945,8.118,13.9,25.0,23927,23927,68.8,16.4,3.1,267814.4,496,257,163468,71462280.0,163825,203000,43.0367,44.6678,8124.0,55.699999999999996
Республика Татарстан,3894120,9600,10231,7817,9625,7.058,14.808,5.516,79394.9,2.772,0.482,3.346,6.6,13.7,35635,35635,79.2,16.2,2.5,675621.4,8669,1929,238322,5420115324.02,843709,1147000,55.7887,49.1221,41428.0,58.2
Республика Тыва,330368,10674,11594,8842,11858,6.271,8.227,11.093,60756.5,14.265,0.824,16.611,31.7,23.8,18972,18972,72.5,13.6,2.8,251799.9,2086,183,76921,46583667.94,122150,83000,51.7147,94.4534,6546.0,101.60000000000001
Республика Хакасия,532036,11795,12428,9421,12511,4.999,9.686,4.671,86026.5,7.992,0.444,10.045,18.5,24.1,23837,23837,71.2,17.9,2.6,500422.8,2701,303,175577,474076549.4,129013,155000,53.7223,91.4431,5339.0,97.0
Ростовская область,4181486,10787,11493,8734,11223,8.212,14.347,7.542,81083.3,5.707,0.208,7.085,13.0,27.8,31427,31427,83.6,18.2,2.8,403949.1,5835,2559,232860,2162698506.3,794498,1292000,47.2357,39.7015,36285.0,40.2
Рязанская область,1098257,10785,11643,8913,10899,11.416,22.841,7.34,70384.8,4.736,0.422,7.642,12.8,22.0,27312,27312,90.7,19.0,2.4,412845.1,1731,507,196393,784292789.8,196815,382000,54.6269,39.7339,8655.0,68.3
Самарская область,3154164,10962,12151,8749,10827,6.46,12.698,5.075,97537.6,4.539,1.168,6.593,12.3,23.4,29893,29893,79.6,16.9,2.4,505093.4,5763,2963,213032,3095305746.46,615832,983000,53.1959,50.1002,27853.0,61.5
Санкт-Петербург,5384342,11910,13074,9664,11608,10.127,28.378,4.005,101498.4,1.516,0.578,3.811,5.9,19.8,49207,49207,82.0,15.7,2.1,971158.0,3556,1950,283494,5751453550.2,947039,1508000,59.9343,30.3351,55248.0,24.1
Саратовская область,2395111,9631,10409,7975,9860,5.541,10.635,4.466,74819.3,5.772,0.37,8.658,14.8,27.7,24046,24046,81.3,17.8,2.5,358480.4,5241,1172,164665,1139328641.1,451172,744000,51.5406,46.0086,18582.0,54.300000000000004
Сахалинская область,485621,16130,17178,12903,17576,4.37,7.105,4.465,83995.5,3.457,0.932,3.311,7.7,16.5,60770,60770,84.3,17.2,2.1,2059206.5,1851,405,338787,1643728606.96,106749,163000,46.9541,142.736,5566.0,124.5
Свердловская область,4290067,10817,11550,8832,11438,6.189,12.032,5.153,75208.5,4.167,0.198,4.635,9.0,23.5,37374,37374,81.1,15.8,2.2,588270.0,11888,2874,259875,4975014366.34,937279,1348000,56.8389,60.6057,43809.0,63.1
Севастополь,509992,11396,12201,9360,12113,3.986,11.024,2.474,52350.6,4.972,0.231,5.797,11.0,13.3,29957,29957,73.5,13.7,2.2,295304.9,684,185,141383,53536295.5,85823,115000,44.6167,33.5254,4210.0,115.4
Смоленская область,921127,10752,11572,8947,10402,7.769,14.724,5.919,72034.9,5.413,1.872,8.315,15.6,27.2,28152,28152,86.8,19.4,2.3,386274.8,2300,653,186156,578653932.0,162880,303000,54.7818,32.0401,6515.0,79.5
Ставропольский край,2792796,9777,10464,7998,10076,7.401,16.121,5.934,59172.3,5.41,0.262,8.128,13.8,30.8,23911,23911,82.8,19.0,2.8,308476.2,3131,1470,185994,800106440.6,586779,744000,45.0428,41.9734,27349.0,27.6
Тамбовская область,994420,10178,10998,8661,10050,10.566,19.645,7.686,64949.8,3.618,0.821,6.361,10.8,23.9,27889,27889,84.1,19.7,2.5,378455.8,2726,645,198282,415322900.58000004,170443,349000,52.7317,41.4433,7409.0,50.1
Тверская область,1245619,11138,12041,9213,11717,7.496,14.325,5.646,86566.6,3.534,0.433,7.421,11.4,22.5,27681,27681,84.0,17.5,2.2,391722.2,3007,900,199736,887823600.3,235854,419000,56.8584,35.9006,10030.0,46.0
Томская область,1070339,11850,12566,9542,12378,5.903,11.592,5.225,70726.0,6.077,0.518,7.805,14.4,23.5,28857,28857,88.1,16.9,2.3,518179.5,3284,546,162359,709842612.8,227938,301000,56.4977,84.9744,9895.0,51.900000000000006
Тульская область,1449115,10999,11814,9336,10732,9.771,17.031,7.612,72165.3,3.919,0.535,5.656,10.1,23.3,29385,29385,82.3,16.6,2.3,486544.2,2443,759,205652,1864427781.54,244772,530000,54.1961,37.6182,10748.0,78.0
Тюменская область,1543389,11748,12376,9418,11995,5.873,13.871,4.455,64208.6,5.154,1.02,7.439,13.6,21.9,31151,31151,79.7,18.1,2.5,757076.0,5471,916,268215,1824569791.2399998,366970,406000,57.1522,65.5272,18682.0,74.4
Удмуртская Республика,1493356,10314,10930,8343,10434,6.729,13.57,5.493,99088.4,5.938,0.321,5.652,11.9,23.1,25449,25449,83.3,14.8,2.4,451490.9,6251,1114,160085,1163147110.92,340439,460000,56.8498,53.2045,14482.0,64.1
Ульяновская область,1218319,10306,11088,8466,10402,8.817,16.379,6.812,87077.9,5.76,0.465,8.775,15.0,25.3,24590,24590,87.7,17.9,2.4,360112.2,2959,516,165299,652330165.84,227134,417000,54.3142,48.4031,10303.0,121.69999999999999
Хабаровский край,1301127,15569,16510,12491,16580,4.918,9.999,4.042,67303.6,3.924,0.768,7.308,12.0,25.7,41740,41740,78.5,15.4,2.2,658239.5,4057,894,277942,1003680870.6,278203,380000,48.4802,135.0719,13681.0,145.8
Ханты-Мансийский автономный округ,1687654,15890,17140,12977,15816,3.112,5.67,3.332,90676.1,4.67,0.134,3.604,8.4,15.8,54443,54443,81.1,13.9,2.1,1994630.3,3708,780,258117,6932949792.08,426532,449000,61.0042,69.0019,20530.0,39.900000000000006
Челябинская область,3442810,11232,12056,9302,11629,6.197,12.741,4.787,88428.4,5.116,0.756,6.728,12.6,24.3,26628,26628,78.6,16.0,2.2,467537.3,11119,3425,173367,3437160808.3999996,747437,1060000,55.154,61.4291,33119.0,90.19999999999999
Чеченская Республика,1497992,11240,11572,9196,11294,11.584,6.917,27.244,52150.1,8.915,1.265,10.22,20.4,35.1,24596,24596,80.4,19.2,4.3,171029.5,154,66,123955,86985320.4,548452,419000,43.3156,45.6958,29930.0,4.699999999999999
Чувашская Республика,1207875,9804,10414,7951,9883,6.207,12.533,4.927,93394.5,3.73,0.706,12.365,16.8,24.9,21155,21155,72.0,14.2,2.3,287210.3,2670,1323,141564,506059679.4,258904,371000,56.1322,47.2515,11283.0,80.2
Чукотский автономный округ,49527,23999,24711,18524,24668,3.271,3.733,4.839,128506.5,3.752,0.216,4.032,8.0,6.4,89541,89541,79.1,14.1,1.7,2404271.2,282,14,217089,261282216.8,12622,15000,64.733,177.513,529.0,208.7
Ямало-Ненецкий автономный округ,547010,16640,17403,13093,16593,2.511,4.317,2.9,118256.9,2.448,0.034,2.323,4.8,12.6,89928,89928,78.8,15.5,2.1,5072483.6,1734,239,263114,5464620970.16,143794,144000,66.5299,66.6019,7067.0,113.6
Ярославская область,1241424,10668,11689,8665,10675,7.708,16.614,4.762,89949.9,3.158,0.228,6.514,9.9,23.5,29514,29514,75.8,15.8,2.2,495102.2,2631,698,204406,959077294.6,242440,406000,57.6261,39.8845,10544.0,52.9
